{
  "pairs_processed": 303,
  "total_processing_time": 0,
  "average_pair_time": 0.0,
  "operation_summaries": {
    "label_features": {
      "total_calls": 606,
      "average_time": 871494662.4315195,
      "min_time": 0.02162909507751465,
      "max_time": 1742989483.3531132,
      "total_time": 528125765433.50085,
      "percentage_of_total": 0
    },
    "compute_1d_features": {
      "total_calls": 303,
      "average_time": 1742989323.6108875,
      "min_time": 1742989163.2538023,
      "max_time": 1742989483.1926544,
      "total_time": 528125765054.09894,
      "percentage_of_total": 0
    },
    "compute_4h_features": {
      "total_calls": 303,
      "average_time": 1742989323.250403,
      "min_time": 1742989162.6724164,
      "max_time": 1742989483.0943956,
      "total_time": 528125764944.8721,
      "percentage_of_total": 0
    },
    "compute_all_features_total": {
      "total_calls": 303,
      "average_time": 15.500099178194606,
      "min_time": 6.727835178375244,
      "max_time": 23.33656620979309,
      "total_time": 4696.530050992966,
      "percentage_of_total": 0
    },
    "statistical_features": {
      "total_calls": 606,
      "average_time": 6.5348759976157265,
      "min_time": 1.6871254444122314,
      "max_time": 12.926091432571411,
      "total_time": 3960.13485455513,
      "percentage_of_total": 0
    },
    "momentum_features": {
      "total_calls": 606,
      "average_time": 1.5599990831349944,
      "min_time": 0.7461695671081543,
      "max_time": 2.390272378921509,
      "total_time": 945.3594443798065,
      "percentage_of_total": 0
    },
    "volume_features": {
      "total_calls": 606,
      "average_time": 1.3231074939859975,
      "min_time": 0.5788218975067139,
      "max_time": 2.2101943492889404,
      "total_time": 801.8031413555145,
      "percentage_of_total": 0
    },
    "volatility_features": {
      "total_calls": 606,
      "average_time": 1.2403496531370055,
      "min_time": 0.3507540225982666,
      "max_time": 2.534803867340088,
      "total_time": 751.6518898010254,
      "percentage_of_total": 0
    },
    "price_action_features": {
      "total_calls": 606,
      "average_time": 1.1230183202441375,
      "min_time": 0.023679018020629883,
      "max_time": 2.52274227142334,
      "total_time": 680.5491020679474,
      "percentage_of_total": 0
    },
    "pattern_features": {
      "total_calls": 606,
      "average_time": 0.94011654790872,
      "min_time": 0.02632904052734375,
      "max_time": 2.9477877616882324,
      "total_time": 569.7106280326843,
      "percentage_of_total": 0
    },
    "multi_timeframe_features": {
      "total_calls": 303,
      "average_time": 0.7527942995820501,
      "min_time": 0.054697513580322266,
      "max_time": 2.838050127029419,
      "total_time": 228.0966727733612,
      "percentage_of_total": 0
    },
    "multi_timeframe_features_total": {
      "total_calls": 303,
      "average_time": 0.7324602116059156,
      "min_time": 0.05464959144592285,
      "max_time": 2.5623931884765625,
      "total_time": 221.9354441165924,
      "percentage_of_total": 0
    },
    "cleanup": {
      "total_calls": 303,
      "average_time": 0.5730188467321616,
      "min_time": 0.015740156173706055,
      "max_time": 2.145014762878418,
      "total_time": 173.62471055984497,
      "percentage_of_total": 0
    },
    "time_features": {
      "total_calls": 606,
      "average_time": 0.2768560522066878,
      "min_time": 0.003821134567260742,
      "max_time": 2.2012295722961426,
      "total_time": 167.7747676372528,
      "percentage_of_total": 0
    },
    "fetch_data": {
      "total_calls": 303,
      "average_time": 0.3491204524591024,
      "min_time": 0.040978431701660156,
      "max_time": 5.539902210235596,
      "total_time": 105.78349709510803,
      "percentage_of_total": 0
    },
    "db_get_columns": {
      "total_calls": 303,
      "average_time": 0.14572541548474,
      "min_time": 0.009305715560913086,
      "max_time": 4.3787291049957275,
      "total_time": 44.15480089187622,
      "percentage_of_total": 0
    }
  }
}