{
  "pairs_processed": 308,
  "total_processing_time": 1587.983068227768,
  "average_pair_time": 5.1557891825576885,
  "operation_summaries": {
    "compute_features_total": {
      "total_calls": 306,
      "average_time": 1.8845389941159416,
      "min_time": 0.22602057456970215,
      "max_time": 2.5637238025665283,
      "total_time": 576.6689321994781,
      "percentage_of_total": 36.31455169374421
    },
    "multi_timeframe_features": {
      "total_calls": 306,
      "average_time": 0.6969057703329846,
      "min_time": 0.06891870498657227,
      "max_time": 1.1489508152008057,
      "total_time": 213.2531657218933,
      "percentage_of_total": 13.429183848911538
    },
    "multi_timeframe_features_total": {
      "total_calls": 306,
      "average_time": 0.6614777519811992,
      "min_time": 0.06714129447937012,
      "max_time": 1.080627202987671,
      "total_time": 202.41219210624695,
      "percentage_of_total": 12.746495611703496
    },
    "compute_4h_features": {
      "total_calls": 306,
      "average_time": 0.2902136378818088,
      "min_time": 0.04118537902832031,
      "max_time": 0.567561149597168,
      "total_time": 88.8053731918335,
      "percentage_of_total": 5.592337536126421
    },
    "compute_1d_features": {
      "total_calls": 303,
      "average_time": 0.2921189278265824,
      "min_time": 0.022333860397338867,
      "max_time": 0.5387845039367676,
      "total_time": 88.51203513145447,
      "percentage_of_total": 5.5738651691189816
    },
    "database_update": {
      "total_calls": 306,
      "average_time": 0.22269376664379842,
      "min_time": 0.04671907424926758,
      "max_time": 0.5314114093780518,
      "total_time": 68.14429259300232,
      "percentage_of_total": 4.291248059027052
    },
    "volatility_features": {
      "total_calls": 306,
      "average_time": 0.12172729205461888,
      "min_time": 0.004220008850097656,
      "max_time": 0.31493592262268066,
      "total_time": 37.24855136871338,
      "percentage_of_total": 2.345651670598967
    },
    "statistical_features": {
      "total_calls": 306,
      "average_time": 0.10570190311257356,
      "min_time": 0.012671232223510742,
      "max_time": 0.2505309581756592,
      "total_time": 32.34478235244751,
      "percentage_of_total": 2.0368468026894746
    },
    "momentum_features": {
      "total_calls": 306,
      "average_time": 0.08201615561067668,
      "min_time": 0.00650334358215332,
      "max_time": 0.24994468688964844,
      "total_time": 25.096943616867065,
      "percentage_of_total": 1.580428917600232
    },
    "fetch_data": {
      "total_calls": 306,
      "average_time": 0.0656870759390538,
      "min_time": 0.003114938735961914,
      "max_time": 0.18763971328735352,
      "total_time": 20.100245237350464,
      "percentage_of_total": 1.2657720122786247
    },
    "volume_features": {
      "total_calls": 306,
      "average_time": 0.06214755422928754,
      "min_time": 0.005392313003540039,
      "max_time": 0.21886634826660156,
      "total_time": 19.017151594161987,
      "percentage_of_total": 1.1975663956786164
    },
    "cross_pair_features": {
      "total_calls": 1,
      "average_time": 8.951556205749512,
      "min_time": 8.951556205749512,
      "max_time": 8.951556205749512,
      "total_time": 8.951556205749512,
      "percentage_of_total": 0.5637060233733909
    },
    "time_features": {
      "total_calls": 306,
      "average_time": 0.025419423782747554,
      "min_time": 0.0006389617919921875,
      "max_time": 0.1251530647277832,
      "total_time": 7.778343677520752,
      "percentage_of_total": 0.48982535350339684
    },
    "db_get_columns": {
      "total_calls": 306,
      "average_time": 0.024225137592141146,
      "min_time": 0.0030646324157714844,
      "max_time": 0.14432549476623535,
      "total_time": 7.41289210319519,
      "percentage_of_total": 0.4668117848049966
    },
    "pattern_features": {
      "total_calls": 306,
      "average_time": 0.017915546504500644,
      "min_time": 0.001155853271484375,
      "max_time": 0.13568472862243652,
      "total_time": 5.482157230377197,
      "percentage_of_total": 0.34522768788054103
    },
    "label_features": {
      "total_calls": 306,
      "average_time": 0.00977932004367604,
      "min_time": 9.608268737792969e-05,
      "max_time": 0.07873725891113281,
      "total_time": 2.992471933364868,
      "percentage_of_total": 0.18844482622252062
    },
    "price_action_features": {
      "total_calls": 306,
      "average_time": 0.00013102191725587533,
      "min_time": 0.00010347366333007812,
      "max_time": 0.00029659271240234375,
      "total_time": 0.04009270668029785,
      "percentage_of_total": 0.002524756559592439
    }
  },
  "resource_utilization": {
    "cpu": {
      "available": false
    },
    "ram": {
      "available": false
    },
    "gpu": {
      "available": false
    }
  }
}