{
  "pairs_processed": 305,
  "total_processing_time": 791.5940856933594,
  "average_pair_time": 2.5953904448962604,
  "operation_summaries": {
    "compute_features_total": {
      "total_calls": 303,
      "average_time": 0.7128828602655493,
      "min_time": 0.23428869247436523,
      "max_time": 1.024869680404663,
      "total_time": 216.00350666046143,
      "percentage_of_total": 27.28715519283641
    },
    "database_update": {
      "total_calls": 303,
      "average_time": 0.11644937811118147,
      "min_time": 0.0193328857421875,
      "max_time": 0.3337254524230957,
      "total_time": 35.28416156768799,
      "percentage_of_total": 4.457355380160843
    },
    "volatility_features": {
      "total_calls": 303,
      "average_time": 0.0627975078305789,
      "min_time": 0.018137454986572266,
      "max_time": 0.23270130157470703,
      "total_time": 19.027644872665405,
      "percentage_of_total": 2.4037123592199454
    },
    "statistical_features": {
      "total_calls": 303,
      "average_time": 0.06234070491476028,
      "min_time": 0.04764270782470703,
      "max_time": 0.16098809242248535,
      "total_time": 18.889233589172363,
      "percentage_of_total": 2.38622722561491
    },
    "volume_features": {
      "total_calls": 303,
      "average_time": 0.03415623671150837,
      "min_time": 0.007029533386230469,
      "max_time": 0.1609058380126953,
      "total_time": 10.349339723587036,
      "percentage_of_total": 1.3074048822032345
    },
    "cross_pair_features": {
      "total_calls": 1,
      "average_time": 7.450916528701782,
      "min_time": 7.450916528701782,
      "max_time": 7.450916528701782,
      "total_time": 7.450916528701782,
      "percentage_of_total": 0.9412546990135109
    },
    "fetch_data": {
      "total_calls": 303,
      "average_time": 0.02226051953759524,
      "min_time": 0.0038836002349853516,
      "max_time": 0.07674288749694824,
      "total_time": 6.744937419891357,
      "percentage_of_total": 0.8520702139889598
    },
    "db_get_columns": {
      "total_calls": 303,
      "average_time": 0.02089740734289188,
      "min_time": 0.002249479293823242,
      "max_time": 0.13387775421142578,
      "total_time": 6.33191442489624,
      "percentage_of_total": 0.7998941047355222
    },
    "time_features": {
      "total_calls": 303,
      "average_time": 0.013260499872390193,
      "min_time": 0.0013873577117919922,
      "max_time": 0.13288307189941406,
      "total_time": 4.0179314613342285,
      "percentage_of_total": 0.5075747196639186
    },
    "pattern_features": {
      "total_calls": 303,
      "average_time": 0.008955771380131788,
      "min_time": 0.004668712615966797,
      "max_time": 0.07739543914794922,
      "total_time": 2.7135987281799316,
      "percentage_of_total": 0.3428017941547761
    },
    "label_features": {
      "total_calls": 303,
      "average_time": 0.004436657373661256,
      "min_time": 8.463859558105469e-05,
      "max_time": 0.06414365768432617,
      "total_time": 1.3443071842193604,
      "percentage_of_total": 0.16982279283224785
    },
    "momentum_features": {
      "total_calls": 303,
      "average_time": 0.002421113130676471,
      "min_time": 0.00013327598571777344,
      "max_time": 0.05108022689819336,
      "total_time": 0.7335972785949707,
      "percentage_of_total": 0.0926734158141683
    },
    "price_action_features": {
      "total_calls": 303,
      "average_time": 0.00012975793467103058,
      "min_time": 6.365776062011719e-05,
      "max_time": 0.0002346038818359375,
      "total_time": 0.039316654205322266,
      "percentage_of_total": 0.004966769574950109
    }
  }
}