{
  "pairs_processed": 308,
  "total_processing_time": 1813.7096991539001,
  "average_pair_time": 5.88866785439578,
  "operation_summaries": {
    "compute_features_total": {
      "total_calls": 306,
      "average_time": 2.0231461953493506,
      "min_time": 0.21502280235290527,
      "max_time": 3.7277133464813232,
      "total_time": 619.0827357769012,
      "percentage_of_total": 34.133507477282876
    },
    "multi_timeframe_features": {
      "total_calls": 306,
      "average_time": 0.763076465893415,
      "min_time": 0.06164240837097168,
      "max_time": 1.9096522331237793,
      "total_time": 233.501398563385,
      "percentage_of_total": 12.874243252506945
    },
    "multi_timeframe_features_total": {
      "total_calls": 306,
      "average_time": 0.7187310823428086,
      "min_time": 0.06022381782531738,
      "max_time": 1.9026257991790771,
      "total_time": 219.9317111968994,
      "percentage_of_total": 12.126070191910982
    },
    "cross_pair_features": {
      "total_calls": 1,
      "average_time": 164.25152039527893,
      "min_time": 164.25152039527893,
      "max_time": 164.25152039527893,
      "total_time": 164.25152039527893,
      "percentage_of_total": 9.056108619361888
    },
    "compute_1d_features": {
      "total_calls": 303,
      "average_time": 0.3156522838982812,
      "min_time": 0.02003645896911621,
      "max_time": 1.288588047027588,
      "total_time": 95.6426420211792,
      "percentage_of_total": 5.2733159041822795
    },
    "compute_4h_features": {
      "total_calls": 306,
      "average_time": 0.3109188103208355,
      "min_time": 0.03698277473449707,
      "max_time": 1.3847246170043945,
      "total_time": 95.14115595817566,
      "percentage_of_total": 5.24566616160013
    },
    "database_update": {
      "total_calls": 306,
      "average_time": 0.24087944217756682,
      "min_time": 0.05207324028015137,
      "max_time": 1.1072630882263184,
      "total_time": 73.70910930633545,
      "percentage_of_total": 4.0639970851300475
    },
    "volatility_features": {
      "total_calls": 306,
      "average_time": 0.12760145134396023,
      "min_time": 0.00571894645690918,
      "max_time": 0.3723917007446289,
      "total_time": 39.04604411125183,
      "percentage_of_total": 2.152827661971864
    },
    "statistical_features": {
      "total_calls": 306,
      "average_time": 0.1182761535145878,
      "min_time": 0.015645265579223633,
      "max_time": 0.9579343795776367,
      "total_time": 36.19250297546387,
      "percentage_of_total": 1.9954959160414565
    },
    "momentum_features": {
      "total_calls": 306,
      "average_time": 0.09543757500991322,
      "min_time": 0.0066568851470947266,
      "max_time": 0.9489850997924805,
      "total_time": 29.203897953033447,
      "percentage_of_total": 1.610174878959799
    },
    "volume_features": {
      "total_calls": 306,
      "average_time": 0.06237624049965852,
      "min_time": 0.0044689178466796875,
      "max_time": 0.2538025379180908,
      "total_time": 19.087129592895508,
      "percentage_of_total": 1.0523806319059603
    },
    "fetch_data": {
      "total_calls": 306,
      "average_time": 0.05039345594792584,
      "min_time": 0.003814220428466797,
      "max_time": 0.18227410316467285,
      "total_time": 15.420397520065308,
      "percentage_of_total": 0.8502131034122472
    },
    "time_features": {
      "total_calls": 306,
      "average_time": 0.029163351245954924,
      "min_time": 0.0005624294281005859,
      "max_time": 0.14580297470092773,
      "total_time": 8.923985481262207,
      "percentage_of_total": 0.49202942926452164
    },
    "db_get_columns": {
      "total_calls": 306,
      "average_time": 0.02431927319445641,
      "min_time": 0.0033164024353027344,
      "max_time": 0.13818120956420898,
      "total_time": 7.441697597503662,
      "percentage_of_total": 0.4103025749366192
    },
    "pattern_features": {
      "total_calls": 306,
      "average_time": 0.020767069330402448,
      "min_time": 0.0013616085052490234,
      "max_time": 0.9036135673522949,
      "total_time": 6.354723215103149,
      "percentage_of_total": 0.35037157369052185
    },
    "label_features": {
      "total_calls": 306,
      "average_time": 0.010048867830264024,
      "min_time": 7.62939453125e-05,
      "max_time": 0.06470489501953125,
      "total_time": 3.074953556060791,
      "percentage_of_total": 0.16953945592810493
    },
    "price_action_features": {
      "total_calls": 306,
      "average_time": 0.00012467032164530038,
      "min_time": 7.987022399902344e-05,
      "max_time": 0.0001888275146484375,
      "total_time": 0.038149118423461914,
      "percentage_of_total": 0.0021033751124150996
    }
  },
  "resource_utilization": {
    "cpu": {
      "available": false
    },
    "ram": {
      "available": false
    },
    "gpu": {
      "available": false
    }
  }
}