{
  "pairs_processed": 308,
  "total_processing_time": 1615.3042476177216,
  "average_pair_time": 5.2444943104471475,
  "operation_summaries": {
    "compute_features_total": {
      "total_calls": 306,
      "average_time": 1.9248634756000993,
      "min_time": 0.21622753143310547,
      "max_time": 3.843309164047241,
      "total_time": 589.0082235336304,
      "percentage_of_total": 36.46422798691391
    },
    "multi_timeframe_features": {
      "total_calls": 306,
      "average_time": 0.7092274816986782,
      "min_time": 0.06550931930541992,
      "max_time": 2.5171761512756348,
      "total_time": 217.02360939979553,
      "percentage_of_total": 13.435463301719516
    },
    "multi_timeframe_features_total": {
      "total_calls": 306,
      "average_time": 0.673325248013914,
      "min_time": 0.06399703025817871,
      "max_time": 2.427020311355591,
      "total_time": 206.0375258922577,
      "percentage_of_total": 12.755338580711676
    },
    "compute_1d_features": {
      "total_calls": 303,
      "average_time": 0.2948076882378103,
      "min_time": 0.02093815803527832,
      "max_time": 0.5579447746276855,
      "total_time": 89.32672953605652,
      "percentage_of_total": 5.530025050562277
    },
    "compute_4h_features": {
      "total_calls": 306,
      "average_time": 0.28441959814308515,
      "min_time": 0.039513349533081055,
      "max_time": 0.5024099349975586,
      "total_time": 87.03239703178406,
      "percentage_of_total": 5.387987876596061
    },
    "database_update": {
      "total_calls": 306,
      "average_time": 0.2567370420967052,
      "min_time": 0.045209646224975586,
      "max_time": 1.9452426433563232,
      "total_time": 78.5615348815918,
      "percentage_of_total": 4.863575081750432
    },
    "volatility_features": {
      "total_calls": 306,
      "average_time": 0.11750107653000776,
      "min_time": 0.0037529468536376953,
      "max_time": 1.2617475986480713,
      "total_time": 35.95532941818237,
      "percentage_of_total": 2.22591684948578
    },
    "statistical_features": {
      "total_calls": 306,
      "average_time": 0.10583752198936114,
      "min_time": 0.008737564086914062,
      "max_time": 0.25049638748168945,
      "total_time": 32.38628172874451,
      "percentage_of_total": 2.004964809354544
    },
    "momentum_features": {
      "total_calls": 306,
      "average_time": 0.07742627539665871,
      "min_time": 0.006119489669799805,
      "max_time": 1.2345058917999268,
      "total_time": 23.692440271377563,
      "percentage_of_total": 1.4667478468108766
    },
    "volume_features": {
      "total_calls": 306,
      "average_time": 0.055485755010367996,
      "min_time": 0.0034437179565429688,
      "max_time": 0.1898202896118164,
      "total_time": 16.978641033172607,
      "percentage_of_total": 1.0511110249485816
    },
    "fetch_data": {
      "total_calls": 306,
      "average_time": 0.04943191849328334,
      "min_time": 0.0025177001953125,
      "max_time": 1.1883187294006348,
      "total_time": 15.126167058944702,
      "percentage_of_total": 0.936428359007477
    },
    "cross_pair_features": {
      "total_calls": 1,
      "average_time": 10.138538122177124,
      "min_time": 10.138538122177124,
      "max_time": 10.138538122177124,
      "total_time": 10.138538122177124,
      "percentage_of_total": 0.6276550152783672
    },
    "time_features": {
      "total_calls": 306,
      "average_time": 0.026716425527934157,
      "min_time": 0.0006475448608398438,
      "max_time": 0.1401975154876709,
      "total_time": 8.175226211547852,
      "percentage_of_total": 0.5061106118927636
    },
    "db_get_columns": {
      "total_calls": 306,
      "average_time": 0.02081681154911814,
      "min_time": 0.0029370784759521484,
      "max_time": 0.10483741760253906,
      "total_time": 6.369944334030151,
      "percentage_of_total": 0.3943495068142521
    },
    "pattern_features": {
      "total_calls": 306,
      "average_time": 0.016071514366498958,
      "min_time": 0.0013759136199951172,
      "max_time": 0.08681201934814453,
      "total_time": 4.917883396148682,
      "percentage_of_total": 0.30445554782646433
    },
    "label_features": {
      "total_calls": 306,
      "average_time": 0.008871913735383477,
      "min_time": 8.845329284667969e-05,
      "max_time": 0.05226588249206543,
      "total_time": 2.7148056030273438,
      "percentage_of_total": 0.16806775609184374
    },
    "price_action_features": {
      "total_calls": 306,
      "average_time": 0.0001359913084242079,
      "min_time": 8.630752563476562e-05,
      "max_time": 0.0003848075866699219,
      "total_time": 0.04161334037780762,
      "percentage_of_total": 0.0025761920975060698
    }
  },
  "resource_utilization": {
    "cpu": {
      "available": false
    },
    "ram": {
      "available": false
    },
    "gpu": {
      "available": false
    }
  }
}