{
  "pairs_processed": 308,
  "total_processing_time": 1552.5769257545471,
  "average_pair_time": 5.040834174527751,
  "operation_summaries": {
    "compute_features_total": {
      "total_calls": 306,
      "average_time": 1.8991688225004408,
      "min_time": 0.2275393009185791,
      "max_time": 3.1228768825531006,
      "total_time": 581.1456596851349,
      "percentage_of_total": 37.431038040366346
    },
    "multi_timeframe_features": {
      "total_calls": 306,
      "average_time": 0.687970740343231,
      "min_time": 0.06950211524963379,
      "max_time": 1.2775342464447021,
      "total_time": 210.5190465450287,
      "percentage_of_total": 13.559331138630515
    },
    "multi_timeframe_features_total": {
      "total_calls": 306,
      "average_time": 0.6539418058457718,
      "min_time": 0.06790328025817871,
      "max_time": 1.2246124744415283,
      "total_time": 200.10619258880615,
      "percentage_of_total": 12.888649139980954
    },
    "compute_1d_features": {
      "total_calls": 303,
      "average_time": 0.28929111194295853,
      "min_time": 0.022584199905395508,
      "max_time": 0.5965287685394287,
      "total_time": 87.65520691871643,
      "percentage_of_total": 5.645788331944731
    },
    "compute_4h_features": {
      "total_calls": 306,
      "average_time": 0.28156664870143716,
      "min_time": 0.04169297218322754,
      "max_time": 0.504014253616333,
      "total_time": 86.15939450263977,
      "percentage_of_total": 5.549444479909851
    },
    "database_update": {
      "total_calls": 306,
      "average_time": 0.21389307461532892,
      "min_time": 0.05078554153442383,
      "max_time": 0.47516965866088867,
      "total_time": 65.45128083229065,
      "percentage_of_total": 4.215654615663024
    },
    "volatility_features": {
      "total_calls": 306,
      "average_time": 0.11820009019639757,
      "min_time": 0.003464221954345703,
      "max_time": 0.8130836486816406,
      "total_time": 36.169227600097656,
      "percentage_of_total": 2.329625476207534
    },
    "statistical_features": {
      "total_calls": 306,
      "average_time": 0.10622746414608425,
      "min_time": 0.00923466682434082,
      "max_time": 0.7555890083312988,
      "total_time": 32.50560402870178,
      "percentage_of_total": 2.0936549738367503
    },
    "momentum_features": {
      "total_calls": 306,
      "average_time": 0.07548689218907574,
      "min_time": 0.005960702896118164,
      "max_time": 0.23585987091064453,
      "total_time": 23.098989009857178,
      "percentage_of_total": 1.4877838660800107
    },
    "volume_features": {
      "total_calls": 306,
      "average_time": 0.05810237320420009,
      "min_time": 0.005417823791503906,
      "max_time": 0.19170403480529785,
      "total_time": 17.77932620048523,
      "percentage_of_total": 1.145149454790753
    },
    "fetch_data": {
      "total_calls": 306,
      "average_time": 0.04457081299202115,
      "min_time": 0.0021753311157226562,
      "max_time": 0.1691896915435791,
      "total_time": 13.638668775558472,
      "percentage_of_total": 0.8784536565832399
    },
    "time_features": {
      "total_calls": 306,
      "average_time": 0.026342106800453336,
      "min_time": 0.0005719661712646484,
      "max_time": 0.11684584617614746,
      "total_time": 8.06068468093872,
      "percentage_of_total": 0.5191810175216443
    },
    "cross_pair_features": {
      "total_calls": 1,
      "average_time": 6.831326723098755,
      "min_time": 6.831326723098755,
      "max_time": 6.831326723098755,
      "total_time": 6.831326723098755,
      "percentage_of_total": 0.4399992431794485
    },
    "db_get_columns": {
      "total_calls": 306,
      "average_time": 0.019579620143167335,
      "min_time": 0.002767324447631836,
      "max_time": 0.09330558776855469,
      "total_time": 5.991363763809204,
      "percentage_of_total": 0.38589802955479463
    },
    "pattern_features": {
      "total_calls": 306,
      "average_time": 0.018475246585272494,
      "min_time": 0.0009322166442871094,
      "max_time": 0.6259748935699463,
      "total_time": 5.653425455093384,
      "percentage_of_total": 0.3641317451852402
    },
    "label_features": {
      "total_calls": 306,
      "average_time": 0.008845819367302788,
      "min_time": 7.319450378417969e-05,
      "max_time": 0.10082721710205078,
      "total_time": 2.7068207263946533,
      "percentage_of_total": 0.1743437430695518
    },
    "price_action_features": {
      "total_calls": 306,
      "average_time": 0.00012614524442386004,
      "min_time": 9.751319885253906e-05,
      "max_time": 0.00024271011352539062,
      "total_time": 0.03860044479370117,
      "percentage_of_total": 0.0024862178584124897
    }
  },
  "resource_utilization": {
    "cpu": {
      "available": false
    },
    "ram": {
      "available": false
    },
    "gpu": {
      "available": false
    }
  }
}