{
  "pairs_processed": 308,
  "total_processing_time": 1714.538104057312,
  "average_pair_time": 5.566682156030234,
  "operation_summaries": {
    "compute_features_total": {
      "total_calls": 306,
      "average_time": 2.0814638480641485,
      "min_time": 0.2395181655883789,
      "max_time": 3.377331495285034,
      "total_time": 636.9279375076294,
      "percentage_of_total": 37.14866038849719
    },
    "multi_timeframe_features": {
      "total_calls": 306,
      "average_time": 0.7567676469391468,
      "min_time": 0.07131552696228027,
      "max_time": 1.2708613872528076,
      "total_time": 231.5708999633789,
      "percentage_of_total": 13.506313998819017
    },
    "multi_timeframe_features_total": {
      "total_calls": 306,
      "average_time": 0.7236520223368227,
      "min_time": 0.06973052024841309,
      "max_time": 1.216881513595581,
      "total_time": 221.43751883506775,
      "percentage_of_total": 12.915287114999327
    },
    "compute_4h_features": {
      "total_calls": 306,
      "average_time": 0.3300296496721654,
      "min_time": 0.04323410987854004,
      "max_time": 0.9641745090484619,
      "total_time": 100.98907279968262,
      "percentage_of_total": 5.89016205359918
    },
    "compute_1d_features": {
      "total_calls": 303,
      "average_time": 0.3086941155663418,
      "min_time": 0.022848844528198242,
      "max_time": 0.719482421875,
      "total_time": 93.53431701660156,
      "percentage_of_total": 5.455365313565232
    },
    "database_update": {
      "total_calls": 306,
      "average_time": 0.25562141611685163,
      "min_time": 0.060027122497558594,
      "max_time": 1.1769053936004639,
      "total_time": 78.22015333175659,
      "percentage_of_total": 4.5621706013214345
    },
    "volatility_features": {
      "total_calls": 306,
      "average_time": 0.15189295578626247,
      "min_time": 0.005692720413208008,
      "max_time": 0.915672779083252,
      "total_time": 46.47924447059631,
      "percentage_of_total": 2.7108901435673576
    },
    "statistical_features": {
      "total_calls": 306,
      "average_time": 0.1331265128515904,
      "min_time": 0.020503997802734375,
      "max_time": 0.7415595054626465,
      "total_time": 40.73671293258667,
      "percentage_of_total": 2.3759584482950027
    },
    "momentum_features": {
      "total_calls": 306,
      "average_time": 0.09371298356773028,
      "min_time": 0.007133007049560547,
      "max_time": 0.2481703758239746,
      "total_time": 28.676172971725464,
      "percentage_of_total": 1.6725305144205127
    },
    "fetch_data": {
      "total_calls": 306,
      "average_time": 0.06890877789142084,
      "min_time": 0.009843587875366211,
      "max_time": 0.21133208274841309,
      "total_time": 21.08608603477478,
      "percentage_of_total": 1.2298406191659612
    },
    "volume_features": {
      "total_calls": 306,
      "average_time": 0.06588535215340409,
      "min_time": 0.004958391189575195,
      "max_time": 0.2052445411682129,
      "total_time": 20.16091775894165,
      "percentage_of_total": 1.175880414161255
    },
    "cross_pair_features": {
      "total_calls": 1,
      "average_time": 11.633437395095825,
      "min_time": 11.633437395095825,
      "max_time": 11.633437395095825,
      "total_time": 11.633437395095825,
      "percentage_of_total": 0.6785172850674046
    },
    "time_features": {
      "total_calls": 306,
      "average_time": 0.031231257650587294,
      "min_time": 0.00070953369140625,
      "max_time": 0.18255209922790527,
      "total_time": 9.556764841079712,
      "percentage_of_total": 0.557395885134569
    },
    "db_get_columns": {
      "total_calls": 306,
      "average_time": 0.02875521603752585,
      "min_time": 0.0037872791290283203,
      "max_time": 0.8660211563110352,
      "total_time": 8.79909610748291,
      "percentage_of_total": 0.5132050484419436
    },
    "pattern_features": {
      "total_calls": 306,
      "average_time": 0.018918888241636986,
      "min_time": 0.0017063617706298828,
      "max_time": 0.07199501991271973,
      "total_time": 5.789179801940918,
      "percentage_of_total": 0.3376524434330917
    },
    "label_features": {
      "total_calls": 306,
      "average_time": 0.010440597347184723,
      "min_time": 8.988380432128906e-05,
      "max_time": 0.06304192543029785,
      "total_time": 3.1948227882385254,
      "percentage_of_total": 0.18633722870773434
    },
    "price_action_features": {
      "total_calls": 306,
      "average_time": 0.00013487089693156723,
      "min_time": 0.00010061264038085938,
      "max_time": 0.00021600723266601562,
      "total_time": 0.04127049446105957,
      "percentage_of_total": 0.0024070911205412333
    }
  },
  "resource_utilization": {
    "cpu": {
      "available": false
    },
    "ram": {
      "available": false
    },
    "gpu": {
      "available": false
    }
  }
}