{
  "pairs_processed": 304,
  "total_processing_time": 76.28319191932678,
  "average_pair_time": 0.2509315523662065,
  "operation_summaries": {
    "compute_features_total": {
      "total_calls": 58,
      "average_time": 0.7243119848185572,
      "min_time": 0.3206496238708496,
      "max_time": 1.0442230701446533,
      "total_time": 42.01009511947632,
      "percentage_of_total": 55.071233993333756
    },
    "volatility_features": {
      "total_calls": 118,
      "average_time": 0.06678537999169301,
      "min_time": 0.01830291748046875,
      "max_time": 0.2674098014831543,
      "total_time": 7.880674839019775,
      "percentage_of_total": 10.330814220980653
    },
    "cross_pair_features": {
      "total_calls": 1,
      "average_time": 7.1817004680633545,
      "min_time": 7.1817004680633545,
      "max_time": 7.1817004680633545,
      "total_time": 7.1817004680633545,
      "percentage_of_total": 9.414525385432684
    },
    "statistical_features": {
      "total_calls": 108,
      "average_time": 0.06519499752256605,
      "min_time": 0.046833038330078125,
      "max_time": 0.19906878471374512,
      "total_time": 7.041059732437134,
      "percentage_of_total": 9.230158774535024
    },
    "volume_features": {
      "total_calls": 114,
      "average_time": 0.037600586288853696,
      "min_time": 0.0069370269775390625,
      "max_time": 0.17295265197753906,
      "total_time": 4.286466836929321,
      "percentage_of_total": 5.619149814106454
    },
    "database_update": {
      "total_calls": 36,
      "average_time": 0.06748851140340169,
      "min_time": 0.03131604194641113,
      "max_time": 0.20865654945373535,
      "total_time": 2.429586410522461,
      "percentage_of_total": 3.1849564096529517
    },
    "db_get_columns": {
      "total_calls": 124,
      "average_time": 0.014192756145231186,
      "min_time": 0.002929210662841797,
      "max_time": 0.07790350914001465,
      "total_time": 1.759901762008667,
      "percentage_of_total": 2.3070636109063836
    },
    "fetch_data": {
      "total_calls": 118,
      "average_time": 0.009670825327857065,
      "min_time": 0.0032024383544921875,
      "max_time": 0.07168340682983398,
      "total_time": 1.1411573886871338,
      "percentage_of_total": 1.4959486617890396
    },
    "time_features": {
      "total_calls": 79,
      "average_time": 0.011881882631326024,
      "min_time": 0.0013706684112548828,
      "max_time": 0.08009195327758789,
      "total_time": 0.9386687278747559,
      "percentage_of_total": 1.2305053108782393
    },
    "pattern_features": {
      "total_calls": 87,
      "average_time": 0.009224609396923548,
      "min_time": 0.0046274662017822266,
      "max_time": 0.09502983093261719,
      "total_time": 0.8025410175323486,
      "percentage_of_total": 1.0520548463429207
    },
    "price_action_features": {
      "total_calls": 122,
      "average_time": 0.003051243844579478,
      "min_time": 0.00010752677917480469,
      "max_time": 0.06693124771118164,
      "total_time": 0.3722517490386963,
      "percentage_of_total": 0.4879865926852809
    },
    "label_features": {
      "total_calls": 71,
      "average_time": 0.0038996145758830327,
      "min_time": 0.00013184547424316406,
      "max_time": 0.033585548400878906,
      "total_time": 0.2768726348876953,
      "percentage_of_total": 0.3629536571837499
    },
    "momentum_features": {
      "total_calls": 121,
      "average_time": 0.0018623367813993092,
      "min_time": 0.00011372566223144531,
      "max_time": 0.024608373641967773,
      "total_time": 0.2253427505493164,
      "percentage_of_total": 0.29540288611366367
    }
  }
}