{
  "pairs_processed": 305,
  "total_processing_time": 1387.4474754333496,
  "average_pair_time": 4.5490081161749165,
  "operation_summaries": {
    "compute_features_total": {
      "total_calls": 303,
      "average_time": 1.728656806568108,
      "min_time": 0.6337108612060547,
      "max_time": 3.774519681930542,
      "total_time": 523.7830123901367,
      "percentage_of_total": 37.75155612478523
    },
    "multi_timeframe_features": {
      "total_calls": 303,
      "average_time": 0.7171736353694802,
      "min_time": 0.14338278770446777,
      "max_time": 1.0684864521026611,
      "total_time": 217.30361151695251,
      "percentage_of_total": 15.662114448626664
    },
    "multi_timeframe_features_total": {
      "total_calls": 303,
      "average_time": 0.6821337839951216,
      "min_time": 0.1400926113128662,
      "max_time": 1.031097412109375,
      "total_time": 206.68653655052185,
      "percentage_of_total": 14.896890888497689
    },
    "compute_1d_features": {
      "total_calls": 303,
      "average_time": 0.29676974409877666,
      "min_time": 0.0527949333190918,
      "max_time": 0.4824810028076172,
      "total_time": 89.92123246192932,
      "percentage_of_total": 6.481054890661262
    },
    "compute_4h_features": {
      "total_calls": 303,
      "average_time": 0.29630598219314425,
      "min_time": 0.059207916259765625,
      "max_time": 0.524785041809082,
      "total_time": 89.7807126045227,
      "percentage_of_total": 6.470926949971996
    },
    "database_update": {
      "total_calls": 303,
      "average_time": 0.1870420199416258,
      "min_time": 0.05620980262756348,
      "max_time": 0.42329931259155273,
      "total_time": 56.67373204231262,
      "percentage_of_total": 4.084747930699963
    },
    "statistical_features": {
      "total_calls": 303,
      "average_time": 0.10344223299435656,
      "min_time": 0.05275368690490723,
      "max_time": 0.25330638885498047,
      "total_time": 31.34299659729004,
      "percentage_of_total": 2.259040226910247
    },
    "volatility_features": {
      "total_calls": 303,
      "average_time": 0.09380475129231368,
      "min_time": 0.026257753372192383,
      "max_time": 0.2647874355316162,
      "total_time": 28.422839641571045,
      "percentage_of_total": 2.0485704968898784
    },
    "volume_features": {
      "total_calls": 303,
      "average_time": 0.05435751452304349,
      "min_time": 0.00826406478881836,
      "max_time": 0.17743325233459473,
      "total_time": 16.470326900482178,
      "percentage_of_total": 1.1870955255684834
    },
    "momentum_features": {
      "total_calls": 303,
      "average_time": 0.0486600666549733,
      "min_time": 0.0001552104949951172,
      "max_time": 1.9328246116638184,
      "total_time": 14.74400019645691,
      "percentage_of_total": 1.0626708727731713
    },
    "fetch_data": {
      "total_calls": 303,
      "average_time": 0.04559101995461845,
      "min_time": 0.006887674331665039,
      "max_time": 0.16530418395996094,
      "total_time": 13.81407904624939,
      "percentage_of_total": 0.9956469913886115
    },
    "time_features": {
      "total_calls": 303,
      "average_time": 0.02531290841181286,
      "min_time": 0.0017230510711669922,
      "max_time": 0.11668705940246582,
      "total_time": 7.669811248779297,
      "percentage_of_total": 0.5528001156500529
    },
    "cross_pair_features": {
      "total_calls": 1,
      "average_time": 7.215738534927368,
      "min_time": 7.215738534927368,
      "max_time": 7.215738534927368,
      "total_time": 7.215738534927368,
      "percentage_of_total": 0.5200729153854011
    },
    "db_get_columns": {
      "total_calls": 303,
      "average_time": 0.01928861385131433,
      "min_time": 0.0023467540740966797,
      "max_time": 0.10848021507263184,
      "total_time": 5.844449996948242,
      "percentage_of_total": 0.4212375675787518
    },
    "pattern_features": {
      "total_calls": 303,
      "average_time": 0.015516285062229672,
      "min_time": 0.004960060119628906,
      "max_time": 0.10201597213745117,
      "total_time": 4.701434373855591,
      "percentage_of_total": 0.33885494457274246
    },
    "label_features": {
      "total_calls": 303,
      "average_time": 0.009966783397661971,
      "min_time": 0.00013303756713867188,
      "max_time": 0.07621622085571289,
      "total_time": 3.019935369491577,
      "percentage_of_total": 0.2176612392875156
    },
    "price_action_features": {
      "total_calls": 303,
      "average_time": 0.006507312503978364,
      "min_time": 0.0001976490020751953,
      "max_time": 0.07276034355163574,
      "total_time": 1.9717156887054443,
      "percentage_of_total": 0.14211101491172534
    }
  },
  "resource_utilization": {
    "cpu": {
      "available": false
    },
    "ram": {
      "available": false
    },
    "gpu": {
      "available": false
    }
  }
}