{
  "pairs_processed": 308,
  "total_processing_time": 1563.6833398342133,
  "average_pair_time": 5.076893960500692,
  "operation_summaries": {
    "compute_features_total": {
      "total_calls": 306,
      "average_time": 1.918657815534305,
      "min_time": 0.22539329528808594,
      "max_time": 2.6569342613220215,
      "total_time": 587.1092915534973,
      "percentage_of_total": 37.546559242342795
    },
    "multi_timeframe_features": {
      "total_calls": 306,
      "average_time": 0.7060554409338757,
      "min_time": 0.06712770462036133,
      "max_time": 1.2468252182006836,
      "total_time": 216.052964925766,
      "percentage_of_total": 13.816925679381647
    },
    "multi_timeframe_features_total": {
      "total_calls": 306,
      "average_time": 0.6705479162191254,
      "min_time": 0.0656135082244873,
      "max_time": 1.1996281147003174,
      "total_time": 205.18766236305237,
      "percentage_of_total": 13.12207255369281
    },
    "compute_1d_features": {
      "total_calls": 303,
      "average_time": 0.3015588053775699,
      "min_time": 0.02185344696044922,
      "max_time": 0.5766685009002686,
      "total_time": 91.37231802940369,
      "percentage_of_total": 5.843402925754218
    },
    "compute_4h_features": {
      "total_calls": 306,
      "average_time": 0.28888319052901923,
      "min_time": 0.04016256332397461,
      "max_time": 0.5597872734069824,
      "total_time": 88.39825630187988,
      "percentage_of_total": 5.653207017685061
    },
    "database_update": {
      "total_calls": 306,
      "average_time": 0.22317784829856524,
      "min_time": 0.04965400695800781,
      "max_time": 0.5240120887756348,
      "total_time": 68.29242157936096,
      "percentage_of_total": 4.36740737971932
    },
    "volatility_features": {
      "total_calls": 306,
      "average_time": 0.12785092132543427,
      "min_time": 0.0038919448852539062,
      "max_time": 0.30419230461120605,
      "total_time": 39.122381925582886,
      "percentage_of_total": 2.501937632061154
    },
    "statistical_features": {
      "total_calls": 306,
      "average_time": 0.10123585797602834,
      "min_time": 0.008646249771118164,
      "max_time": 0.22457194328308105,
      "total_time": 30.978172540664673,
      "percentage_of_total": 1.9811026792642734
    },
    "momentum_features": {
      "total_calls": 306,
      "average_time": 0.07678608645021526,
      "min_time": 0.0052947998046875,
      "max_time": 0.25676703453063965,
      "total_time": 23.49654245376587,
      "percentage_of_total": 1.5026407108908026
    },
    "volume_features": {
      "total_calls": 306,
      "average_time": 0.05804463850906472,
      "min_time": 0.0029952526092529297,
      "max_time": 0.1904904842376709,
      "total_time": 17.761659383773804,
      "percentage_of_total": 1.1358859515416309
    },
    "fetch_data": {
      "total_calls": 306,
      "average_time": 0.04580718707415014,
      "min_time": 0.0023467540740966797,
      "max_time": 0.19787073135375977,
      "total_time": 14.016999244689941,
      "percentage_of_total": 0.8964090674634974
    },
    "time_features": {
      "total_calls": 306,
      "average_time": 0.02834702550975326,
      "min_time": 0.0005788803100585938,
      "max_time": 0.12389063835144043,
      "total_time": 8.674189805984497,
      "percentage_of_total": 0.5547280312460298
    },
    "cross_pair_features": {
      "total_calls": 1,
      "average_time": 6.908841133117676,
      "min_time": 6.908841133117676,
      "max_time": 6.908841133117676,
      "total_time": 6.908841133117676,
      "percentage_of_total": 0.44183121717279233
    },
    "db_get_columns": {
      "total_calls": 306,
      "average_time": 0.02252300658257179,
      "min_time": 0.0029807090759277344,
      "max_time": 0.09958863258361816,
      "total_time": 6.892040014266968,
      "percentage_of_total": 0.44075675929358454
    },
    "pattern_features": {
      "total_calls": 306,
      "average_time": 0.017160713283065097,
      "min_time": 0.0011687278747558594,
      "max_time": 0.1002664566040039,
      "total_time": 5.25117826461792,
      "percentage_of_total": 0.3358210790411482
    },
    "label_features": {
      "total_calls": 306,
      "average_time": 0.00844322855955635,
      "min_time": 7.009506225585938e-05,
      "max_time": 0.05700039863586426,
      "total_time": 2.583627939224243,
      "percentage_of_total": 0.16522705546624086
    },
    "price_action_features": {
      "total_calls": 306,
      "average_time": 0.00013411902134714563,
      "min_time": 0.00010514259338378906,
      "max_time": 0.00023794174194335938,
      "total_time": 0.04104042053222656,
      "percentage_of_total": 0.002624599206676833
    }
  },
  "resource_utilization": {
    "cpu": {
      "available": false
    },
    "ram": {
      "available": false
    },
    "gpu": {
      "available": false
    }
  }
}